price,propertyAddress,typeOfProperty,noOfBeds,foundFloorPlanImage,mapLocation,area,priceRank,areaRank,Rank Sum
525000.0,"Harrow, Middlesex, HA3",Terraced,×3,https://media.rightmove.co.uk/dir/31k/30482/125994710/30482_4633940_FLP_00_0000.png,https://www.rightmove.co.uk/properties/125994710#/map?channel=RES_BUY,1107.0,41.5,73.5,115.0
430000.0,"Ufford Close, Harrow",Semi-Detached,×3,https://media.rightmove.co.uk/dir/204k/203807/128501657/203807_295557_FLP_00_0000.jpeg,https://www.rightmove.co.uk/properties/128501657#/map?channel=RES_BUY,991.0,7.0,109.0,116.0
500000.0,"Primrose Close, Rayners Lane HA2 9AT",End of Terrace,×3,https://media.rightmove.co.uk/dir/62k/61517/123478049/61517_LLT_HRR_LFSYCL_142152_FLP_00_0000.jpeg,https://www.rightmove.co.uk/properties/123478049#/map?channel=RES_BUY,1042.0,24.0,95.0,119.0
500000.0,"Graham Road, Harrow Weald",Semi-Detached,×3,https://media.rightmove.co.uk/dir/70k/69686/125454368/69686_102800003885_FLP_00_0000.png,https://www.rightmove.co.uk/properties/125454368#/map?channel=RES_BUY,1031.0,24.0,98.0,122.0
550000.0,"Welldon Crescent, Harrow, HA1",Terraced,×3,https://media.rightmove.co.uk/dir/11k/10776/121616987/10776_HAR210782_FLP_00_0000.jpeg,https://www.rightmove.co.uk/properties/121616987#/map?channel=RES_BUY,1196.0,65.0,58.0,123.0
575000.0,"Perwell Avenue, Harrow, HA2",Semi-Detached,×3,https://media.rightmove.co.uk/dir/11k/10776/128580695/10776_HAR210521_FLP_00_0000.jpeg,https://www.rightmove.co.uk/properties/128580695#/map?channel=RES_BUY,1282.0,91.5,32.0,123.5
550000.0,"Leamington Crescent, Harrow, Middlesex, HA2",Terraced,×3,https://media.rightmove.co.uk/dir/11k/10776/127492742/10776_HAR160577_FLP_00_0000.jpeg,https://www.rightmove.co.uk/properties/127492742#/map?channel=RES_BUY,1184.0,65.0,60.0,125.0
550000.0,"Arundel Drive, Harrow, Middlesex, HA2",Semi-Detached,×3,https://media.rightmove.co.uk/dir/47k/46205/128234579/46205_RUI200007_FLP_00_0001.jpeg,https://www.rightmove.co.uk/properties/128234579#/map?channel=RES_BUY,1163.0,65.0,64.5,129.5
499950.0,"Lower Road, Harrow",Semi-Detached,×3,https://media.rightmove.co.uk/dir/16k/15002/124141397/15002_103358006268_FLP_02_0000.png,https://www.rightmove.co.uk/properties/124141397#/map?channel=RES_BUY,976.0,20.0,111.0,131.0
575000.0,"The Avenue, Harrow Weald",Terraced,×3,https://media.rightmove.co.uk/dir/70k/69686/126196493/69686_102800003763_FLP_00_0000.jpeg,https://www.rightmove.co.uk/properties/126196493#/map?channel=RES_BUY,1246.0,91.5,40.5,132.0
575000.0,"Clydesdale Avenue, Stanmore, Middlesex, HA7",Semi-Detached,×3,https://media.rightmove.co.uk/dir/173k/172868/127892957/172868_STN220283_FLP_00_0000.jpeg,https://www.rightmove.co.uk/properties/127892957#/map?channel=RES_BUY,1230.0,91.5,46.0,137.5
550000.0,"Curzon Avenue, Stanmore, HA7",Semi-Detached,×3,https://media.rightmove.co.uk/dir/46k/45962/125758220/45962_STN220147_FLP_00_0000.jpeg,https://www.rightmove.co.uk/properties/125758220#/map?channel=RES_BUY,1092.0,65.0,80.0,145.0
550000.0,"Carlyon Avenue, Harrow, Middlesex, HA2",Semi-Detached,×3,https://media.rightmove.co.uk/dir/11k/10776/128468030/10776_HAR220842_FLP_00_0000.jpeg,https://www.rightmove.co.uk/properties/128468030#/map?channel=RES_BUY,1068.0,65.0,86.0,151.0
430000.0,"Crown Street, Harrow, HA2",Terraced,×2,https://media.rightmove.co.uk/dir/46k/45962/127708988/45962_STN220208_FLP_00_0000.jpeg,https://www.rightmove.co.uk/properties/127708988#/map?channel=RES_BUY,893.0,7.0,144.5,151.5
515000.0,"Roxeth Green Avenue, Harrow, HA2 8AB",Terraced,×3,https://media.rightmove.co.uk/dir/7k/6116/128153420/6116_101374007984_FLP_00_0000.jpeg,https://www.rightmove.co.uk/properties/128153420#/map?channel=RES_BUY,961.0,31.0,121.0,152.0
575000.0,"Tintern Way, Harrow",Semi-Detached,×3,https://media.rightmove.co.uk/dir/157k/156206/128423624/156206_11708740_FLP_00_0000.jpeg,https://www.rightmove.co.uk/properties/128423624#/map?channel=RES_BUY,1169.0,91.5,61.0,152.5
600000.0,"Kenmore Avenue, Harrow, HA3",Semi-Detached,×5,https://media.rightmove.co.uk/dir/109k/108947/124149674/108947_1205640_FLP_00_0000.png,https://www.rightmove.co.uk/properties/124149674#/map?channel=RES_BUY,1307.0,128.0,25.0,153.0
615000.0,"Shrewsbury Avenue, Harrow, HA3",Semi-Detached,×3,https://media.rightmove.co.uk/dir/112k/111497/128122244/111497_25477305_FLP_00_0000.jpeg,https://www.rightmove.co.uk/properties/128122244#/map?channel=RES_BUY,1423.0,145.0,11.0,156.0
599950.0,"Kenton Lane, Harrow",Semi-Detached,×3,https://media.rightmove.co.uk/dir/246k/245510/126733094/245510_1423_FLP_00_0000.jpeg,https://www.rightmove.co.uk/properties/126733094#/map?channel=RES_BUY,1226.0,111.0,47.0,158.0
600000.0,"Graham Road, Harrow Weald",Semi-Detached,×4,https://media.rightmove.co.uk/dir/70k/69686/126319451/69686_102800003909_FLP_00_0000.png,https://www.rightmove.co.uk/properties/126319451#/map?channel=RES_BUY,1295.0,128.0,30.0,158.0
565000.0,"Newton Road, Harrow, HA3",End of Terrace,×3,https://media.rightmove.co.uk/dir/203k/202922/128246669/202922_1448661-1_FLP_00_0000.jpeg,https://www.rightmove.co.uk/properties/128246669#/map?channel=RES_BUY,1071.0,78.0,85.0,163.0
395000.0,"Cherrycroft Gardens , Westfield Park, Pinner",Maisonette,×2,https://media.rightmove.co.uk/dir/18k/17418/128253170/17418_100415008646_FLP_01_0000.jpeg,https://www.rightmove.co.uk/properties/128253170#/map?channel=RES_BUY,829.0,2.0,163.0,165.0
600000.0,"Hawkins Close, Harrow",Semi-Detached,×3,https://media.rightmove.co.uk/dir/56k/55692/126836366/55692_11662073_FLP_00_0000.jpeg,https://www.rightmove.co.uk/properties/126836366#/map?channel=RES_BUY,1262.6,128.0,37.0,165.0
500000.0,"Peel Road, Harrow",Semi-Detached,×3,https://media.rightmove.co.uk/dir/7k/6761/127287548/6761_11300429_FLP_00_0000.jpeg,https://www.rightmove.co.uk/properties/127287548#/map?channel=RES_BUY,907.0,24.0,141.0,165.0
625000.0,"Adderley Road, Harrow, HA3",End of Terrace,×4,https://media.rightmove.co.uk/dir/203k/202922/128095094/202922_1251119-1_FLP_00_0000.jpeg,https://www.rightmove.co.uk/properties/128095094#/map?channel=RES_BUY,1401.0,152.5,14.0,166.5
450000.0,"Honeypot Lane, Kingsbury, London, NW9",Terraced,×3,https://media.rightmove.co.uk/dir/5k/4571/128741312/4571_APX222160_FLP_00_0000.jpeg,https://www.rightmove.co.uk/properties/128741312#/map?channel=RES_BUY,848.0,12.5,158.0,170.5
565000.0,"The Heights, Northolt, Middlesex, UB5",Semi-Detached,×3,https://media.rightmove.co.uk/dir/239k/238337/85304016/238337_RUM190521_FLP_00_0000.jpeg,https://www.rightmove.co.uk/properties/85304016#/map?channel=RES_BUY,1050.0,78.0,93.5,171.5
550000.0,"Allington Road, Harrow",Terraced,×3,https://media.rightmove.co.uk/dir/7k/6761/128214059/6761_10091057_FLP_00_0002.jpeg,https://www.rightmove.co.uk/properties/128214059#/map?channel=RES_BUY,993.0,65.0,108.0,173.0
625000.0,"Bolton Road, Harrow, Middlesex, HA1",Terraced,×4,https://media.rightmove.co.uk/dir/11k/10776/126093824/10776_HAR180641_FLP_00_0000.jpeg,https://www.rightmove.co.uk/properties/126093824#/map?channel=RES_BUY,1313.0,152.5,24.0,176.5
585000.0,"Stanmore, Middlesex, HA7",Semi-Detached,×3,https://media.rightmove.co.uk/dir/31k/30482/125824526/30482_4571780_FLP_00_0000.png,https://www.rightmove.co.uk/properties/125824526#/map?channel=RES_BUY,1111.0,105.0,72.0,177.0
550000.0,"Sussex Road, Harrow, Middlesex, HA1",End of Terrace,×3,https://media.rightmove.co.uk/dir/11k/10776/128685239/10776_HAR220706_FLP_00_0001.jpeg,https://www.rightmove.co.uk/properties/128685239#/map?channel=RES_BUY,971.0,65.0,112.5,177.5
500000.0,"Middle Road, Harrow-On-The-Hill, HA2",Terraced,×3,https://media.rightmove.co.uk/dir/244k/243608/128286422/243608_HSS257083_FLP_00_0001.jpeg,https://www.rightmove.co.uk/properties/128286422#/map?channel=RES_BUY,871.0,24.0,154.0,178.0
565000.0,"South Hill Avenue, Harrow, HA2",End of Terrace,×3,https://media.rightmove.co.uk/dir/56k/55185/116007584/55185_22099424_FLP_00_0000.png,https://www.rightmove.co.uk/properties/116007584#/map?channel=RES_BUY,1018.0,78.0,100.0,178.0
515000.0,"Headstone Lane, North Harrow ",Semi-Detached,×3,https://media.rightmove.co.uk/dir/157k/156206/85812579/156206_9336861_FLP_00_0000.jpeg,https://www.rightmove.co.uk/properties/85812579#/map?channel=RES_BUY,881.0,31.0,147.5,178.5
579950.0,"Belsize Road, Harrow, Middlesex, HA3",Semi-Detached,×4,https://media.rightmove.co.uk/dir/173k/172868/125633222/172868_STN181295_FLP_00_0000.jpeg,https://www.rightmove.co.uk/properties/125633222#/map?channel=RES_BUY,1093.0,100.0,79.0,179.0
525000.0,"Greer Road, Harrow Weald",Semi-Detached,×3,https://media.rightmove.co.uk/dir/157k/156206/127068134/156206_11679518_FLP_00_0000.jpeg,https://www.rightmove.co.uk/properties/127068134#/map?channel=RES_BUY,911.0,41.5,137.5,179.0
550000.0,"Kings Road, Harrow",Terraced,×3,https://media.rightmove.co.uk/dir/235k/234602/128028203/234602_100415008368_FLP_00_0000.jpeg,https://www.rightmove.co.uk/properties/128028203#/map?channel=RES_BUY,968.0,65.0,114.5,179.5
550000.0,"Harrow View, Harrow",Terraced,×3,https://media.rightmove.co.uk/dir/56k/55692/127410068/55692_11700705_FLP_00_0000.jpeg,https://www.rightmove.co.uk/properties/127410068#/map?channel=RES_BUY,968.0,65.0,114.5,179.5
435000.0,"Wellesley Road, Harrow, HA1",Maisonette,×3,https://media.rightmove.co.uk/dir/114k/113974/126908618/113974_16347_FLP_00_0000.jpeg,https://www.rightmove.co.uk/properties/126908618#/map?channel=RES_BUY,805.0,9.0,171.0,180.0
600000.0,"Grafton Road, Harrow",Terraced,×3,https://media.rightmove.co.uk/dir/227k/226394/126409850/226394_102213000689_FLP_00_0000.jpeg,https://www.rightmove.co.uk/properties/126409850#/map?channel=RES_BUY,1212.0,128.0,54.0,182.0
580000.0,"Westwood Avenue, South Harrow, HA2 8NR",Semi-Detached,×3,https://media.rightmove.co.uk/dir/7k/6116/124222025/6116_101374007826_FLP_00_0000.png,https://www.rightmove.co.uk/properties/124222025#/map?channel=RES_BUY,1089.0,101.0,81.0,182.0
600000.0,"Kenmore Avenue, Harrow, HA3",Semi-Detached,×5,https://media.rightmove.co.uk/dir/239k/238889/125414771/238889_31676764_FLP_00_0000.jpeg,https://www.rightmove.co.uk/properties/125414771#/map?channel=RES_BUY,1212.0,128.0,54.0,182.0
600000.0,"Kenmore Avenue, Harrow, HA3",Semi-Detached,×5,https://media.rightmove.co.uk/dir/235k/234920/85663263/234920_ANDER_002970_FLP_00_0000.jpeg,https://www.rightmove.co.uk/properties/85663263#/map?channel=RES_BUY,1212.0,128.0,54.0,182.0
525000.0,"Adderley Road, Harrow, HA3",Terraced,×3,https://media.rightmove.co.uk/dir/203k/202229/128692259/202229_hilton_1118404168_FLP_00_0000.jpeg,https://www.rightmove.co.uk/properties/128692259#/map?channel=RES_BUY,906.0,41.5,142.0,183.5
500000.0,"Peel Road, Wealdstone",Semi-Detached,×3,https://media.rightmove.co.uk/dir/9k/8746/122758844/8746_31444534_FLP_00_0000.png,https://www.rightmove.co.uk/properties/122758844#/map?channel=RES_BUY,836.0,24.0,161.0,185.0
640000.0,"Woodlands Drive, Stanmore, HA7",House,×3,https://media.rightmove.co.uk/dir/251k/250739/127932041/250739_1215037_FLP_00_0000.png,https://www.rightmove.co.uk/properties/127932041#/map?channel=RES_BUY,1369.0,167.5,18.0,185.5
460000.0,"Mirren Close, Harrow",Terraced,×2,https://media.rightmove.co.uk/dir/235k/234602/128362334/234602_100415008649_FLP_00_0000.jpeg,https://www.rightmove.co.uk/properties/128362334#/map?channel=RES_BUY,804.0,15.5,172.0,187.5
550000.0,"Rayners Lane, Harrow, HA2",End of Terrace,×2,https://media.rightmove.co.uk/dir/203k/202922/126109409/202922_1405430-1_FLP_00_0000.jpeg,https://www.rightmove.co.uk/properties/126109409#/map?channel=RES_BUY,946.0,65.0,123.0,188.0
500000.0,"Byron Road, Harrow",Terraced,×3,https://media.rightmove.co.uk/dir/12k/11525/126249359/11525_0169_HRT016910547_FLP_00_0000.jpeg,https://www.rightmove.co.uk/properties/126249359#/map?channel=RES_BUY,820.0,24.0,165.5,189.5
650000.0,"Somervell Road, Harrow",Semi-Detached,×4,https://media.rightmove.co.uk/dir/205k/204362/126144731/204362_300759_FLP_00_0001.jpeg,https://www.rightmove.co.uk/properties/126144731#/map?channel=RES_BUY,1604.0,186.5,3.0,189.5
430000.0,"Hamilton Crescent, South Harrow, HA2",Terraced,×2,https://media.rightmove.co.uk/dir/7k/6116/127094669/6116_101374008084_FLP_00_0000.png,https://www.rightmove.co.uk/properties/127094669#/map?channel=RES_BUY,765.0,7.0,183.0,190.0
600000.0,"Laurel Park, Harrow, HA3",Semi-Detached,×4,https://media.rightmove.co.uk/dir/203k/202922/125167142/202922_1381283-1_FLP_00_0000.jpeg,https://www.rightmove.co.uk/properties/125167142#/map?channel=RES_BUY,1165.0,128.0,62.0,190.0
650000.0,"Bideford Close, Edgware",Semi-Detached,×4,https://media.rightmove.co.uk/dir/18k/17295/127752527/17295_11621768_FLP_00_0000.jpeg,https://www.rightmove.co.uk/properties/127752527#/map?channel=RES_BUY,1567.0,186.5,4.0,190.5
640000.0,"Merlin Crescent, Edgware",Terraced,×4,https://media.rightmove.co.uk/dir/18k/17295/128047238/17295_11530103_FLP_00_0000.jpeg,https://www.rightmove.co.uk/properties/128047238#/map?channel=RES_BUY,1321.0,167.5,23.0,190.5
575000.0,"Curzon Avenue, Stanmore, HA7",Semi-Detached,×3,https://media.rightmove.co.uk/dir/46k/45962/116211071/45962_STN180121_FLP_00_0000.jpeg,https://www.rightmove.co.uk/properties/116211071#/map?channel=RES_BUY,1018.0,91.5,100.0,191.5
505000.0,"Byron Road, Wealdstone, Harrow, HA3",Terraced,×3,https://media.rightmove.co.uk/dir/97k/96608/126175004/96608_HRR220186_FLP_00_0000.jpeg,https://www.rightmove.co.uk/properties/126175004#/map?channel=RES_BUY,824.0,28.0,164.0,192.0
645000.0,"Charmian Avenue, Stanmore, Middlesex, HA7",Semi-Detached,×3,https://media.rightmove.co.uk/dir/173k/172868/127315046/172868_STN220390_FLP_00_0000.jpeg,https://www.rightmove.co.uk/properties/127315046#/map?channel=RES_BUY,1329.0,170.5,21.5,192.0
650000.0,"Kings Road, Harrow",Semi-Detached,×4,https://media.rightmove.co.uk/dir/252k/251708/126735107/251708_31769831_FLP_00_0000.jpeg,https://www.rightmove.co.uk/properties/126735107#/map?channel=RES_BUY,1476.0,186.5,6.0,192.5
400000.0,"Laurel Park, Harrow, HA3",Terraced,×2,https://media.rightmove.co.uk/dir/203k/202922/81596652/202922_1060591-1_FLP_00_0000.jpeg,https://www.rightmove.co.uk/properties/81596652#/map?channel=RES_BUY,724.0,3.5,189.5,193.0
525000.0,"Hampden Road, Harrow Weald",Semi-Detached,×3,https://media.rightmove.co.uk/dir/70k/69686/124471961/69686_102800003874_FLP_00_0000.jpeg,https://www.rightmove.co.uk/properties/124471961#/map?channel=RES_BUY,874.0,41.5,152.0,193.5
575000.0,Heath Road ,Terraced,×3,https://media.rightmove.co.uk/dir/56k/55692/124647749/55692_11507827_FLP_00_0000.jpeg,https://www.rightmove.co.uk/properties/124647749#/map?channel=RES_BUY,1012.0,91.5,102.5,194.0
575000.0,"Heath Road, Harrow",Terraced,×3,https://media.rightmove.co.uk/dir/7k/6761/127177094/6761_11672353_FLP_00_0000.jpeg,https://www.rightmove.co.uk/properties/127177094#/map?channel=RES_BUY,1012.0,91.5,102.5,194.0
490000.0,"Stox Mead, Harrow Weald",Terraced,×3,https://media.rightmove.co.uk/dir/70k/69686/126736598/69686_102800003292_FLP_00_0000.jpeg,https://www.rightmove.co.uk/properties/126736598#/map?channel=RES_BUY,786.0,19.0,176.0,195.0
600000.0,"Montgomery Road, Edgware",Terraced,×3,https://media.rightmove.co.uk/dir/12k/11525/128247527/11525_0169_HRT016910640_FLP_00_0000.jpeg,https://www.rightmove.co.uk/properties/128247527#/map?channel=RES_BUY,1132.0,128.0,67.0,195.0
525000.0,"Harley Road, Harrow",End of Terrace,×3,https://media.rightmove.co.uk/dir/56k/55692/128362094/55692_11728375_FLP_00_0000.jpeg,https://www.rightmove.co.uk/properties/128362094#/map?channel=RES_BUY,868.0,41.5,155.0,196.5
425000.0,"Greenford Road, Harrow, HA1",Terraced,×2,https://media.rightmove.co.uk/dir/109k/108947/125103134/108947_1209198_FLP_00_0000.png,https://www.rightmove.co.uk/properties/125103134#/map?channel=RES_BUY,689.0,5.0,192.0,197.0
635000.0,"Headstone Gardens, North Harrow",Semi-Detached,×4,https://media.rightmove.co.uk/dir/157k/156206/127812950/156206_11726550_FLP_00_0000.jpeg,https://www.rightmove.co.uk/properties/127812950#/map?channel=RES_BUY,1268.0,162.5,35.0,197.5
525000.0,"Graham Road, Harrow",Semi-Detached,×3,https://media.rightmove.co.uk/dir/7k/6761/127925600/6761_11693216_FLP_00_0000.jpeg,https://www.rightmove.co.uk/properties/127925600#/map?channel=RES_BUY,863.0,41.5,156.0,197.5
600000.0,"Carlyon Avenue, South Harrow, HA2 8ST",Semi-Detached,×4,https://media.rightmove.co.uk/dir/7k/6116/84773325/6116_101374005279_FLP_00_0000.png,https://www.rightmove.co.uk/properties/84773325#/map?channel=RES_BUY,1115.0,128.0,71.0,199.0
550000.0,"Jubilee Close, Pinner",Terraced,×3,https://media.rightmove.co.uk/dir/18k/17418/126163991/17418_100415003657_FLP_00_0000.png,https://www.rightmove.co.uk/properties/126163991#/map?channel=RES_BUY,915.0,65.0,134.0,199.0
365000.0,"Whitchurch Lane, Edgware, HA8",Semi-Detached,×2,https://media.rightmove.co.uk/dir/251k/250739/126168704/250739_1212871_FLP_00_0000.png,https://www.rightmove.co.uk/properties/126168704#/map?channel=RES_BUY,645.0,1.0,198.0,199.0
670000.0,"Yeading Avenue, Harrow",End of Terrace,×4,https://media.rightmove.co.uk/dir/235k/234602/126801104/234602_100415008425_FLP_00_0000.png,https://www.rightmove.co.uk/properties/126801104#/map?channel=RES_BUY,1634.0,198.5,2.0,200.5
475000.0,"Carmelite Road, Harrow, HA3",Terraced,×2,https://media.rightmove.co.uk/dir/58k/57275/128202629/57275_1218564_FLP_00_0000.png,https://www.rightmove.co.uk/properties/128202629#/map?channel=RES_BUY,743.0,17.0,184.0,201.0
600000.0,"Chandos Crescent, Edgware",Semi-Detached,×3,https://media.rightmove.co.uk/dir/18k/17295/127540970/17295_11702309_FLP_00_0000.jpeg,https://www.rightmove.co.uk/properties/127540970#/map?channel=RES_BUY,1107.0,128.0,73.5,201.5
650000.0,"St. Edmunds Drive, Stanmore, HA7",Semi-Detached,×5,https://media.rightmove.co.uk/dir/239k/238889/125017667/238889_31649462_FLP_00_0000.jpeg,https://www.rightmove.co.uk/properties/125017667#/map?channel=RES_BUY,1370.0,186.5,16.0,202.5
525000.0,"Roxeth Green Avenue, Harrow, HA2 0QW",Terraced,×3,https://media.rightmove.co.uk/dir/7k/6116/127154516/6116_101374008171_FLP_00_0000.jpeg,https://www.rightmove.co.uk/properties/127154516#/map?channel=RES_BUY,831.0,41.5,162.0,203.5
549950.0,"Courtens Mews, Stanmore, Middlesex, HA7",End of Terrace,×3,https://media.rightmove.co.uk/dir/173k/172868/127060535/172868_STN220369_FLP_00_0000.jpeg,https://www.rightmove.co.uk/properties/127060535#/map?channel=RES_BUY,878.0,55.0,149.5,204.5
625000.0,"Cannon Lane, Pinner, HA5",Semi-Detached,×3,https://media.rightmove.co.uk/dir/36k/35085/126864077/35085_RSPIN_653992_FLP_00_0000.jpeg,https://www.rightmove.co.uk/properties/126864077#/map?channel=RES_BUY,1214.0,152.5,52.0,204.5
635000.0,"Albert Road, Harrow",Semi-Detached,×3,https://media.rightmove.co.uk/dir/157k/156206/128420090/156206_11746075_FLP_00_0000.jpeg,https://www.rightmove.co.uk/properties/128420090#/map?channel=RES_BUY,1245.0,162.5,42.0,204.5
400000.0,"Rosslyn Crescent, Harrow, HA1",Flat,×2,https://media.rightmove.co.uk/dir/109k/108947/127038884/108947_1214494_FLP_00_0000.png,https://www.rightmove.co.uk/properties/127038884#/map?channel=RES_BUY,635.0,3.5,201.0,204.5
665000.0,"Lowick Road, Harrow, HA1",Semi-Detached,×3,https://media.rightmove.co.uk/dir/11k/10776/128614769/10776_HAR210941_FLP_00_0000.jpeg,https://www.rightmove.co.uk/properties/128614769#/map?channel=RES_BUY,1456.0,197.0,8.0,205.0
640000.0,"Rowland Avenue, Harrow, HA3",Semi-Detached,×4,https://media.rightmove.co.uk/dir/66k/65598/128301497/65598_KBS170486_FLP_00_0000.png,https://www.rightmove.co.uk/properties/128301497#/map?channel=RES_BUY,1250.0,167.5,38.0,205.5
600000.0,"Thrush Green, Harrow",Terraced,×3,https://media.rightmove.co.uk/dir/157k/156206/127945970/156206_11617221_FLP_00_0000.jpeg,https://www.rightmove.co.uk/properties/127945970#/map?channel=RES_BUY,1097.0,128.0,77.5,205.5
555000.0,"Elgin Avenue, Kenton, HA3",Semi-Detached,×3,https://media.rightmove.co.uk/dir/235k/234920/85899444/234920_ANDER_002966_FLP_00_0001.jpeg,https://www.rightmove.co.uk/properties/85899444#/map?channel=RES_BUY,917.0,75.0,132.5,207.5
450000.0,"Arundel Drive, Harrow, HA2 8PP",End of Terrace,×2,https://media.rightmove.co.uk/dir/7k/6116/123008408/6116_101374004317_FLP_00_0000.png,https://www.rightmove.co.uk/properties/123008408#/map?channel=RES_BUY,657.0,12.5,195.0,207.5
570000.0,"Harrow, Middlesex, HA2",Terraced,×3,https://media.rightmove.co.uk/dir/11k/10776/124655207/10776_HAR220575_FLP_00_0000.jpeg,https://www.rightmove.co.uk/properties/124655207#/map?channel=RES_BUY,933.0,82.0,127.5,209.5
535000.0,"Harrow, Middlesex",Terraced,×3,https://media.rightmove.co.uk/dir/235k/234602/126387200/234602_100415008246_FLP_00_0000.jpeg,https://www.rightmove.co.uk/properties/126387200#/map?channel=RES_BUY,846.0,51.0,160.0,211.0
550000.0,"Waverley Road, Harrow, HA2",Terraced,×3,https://media.rightmove.co.uk/dir/7k/6292/127445429/6292_KTN220019_FLP_00_0000.png,https://www.rightmove.co.uk/properties/127445429#/map?channel=RES_BUY,886.0,65.0,146.0,211.0
625000.0,"Windsor Road, Harrow Weald",Semi-Detached,×4,https://media.rightmove.co.uk/dir/70k/69686/79723242/69686_102800003379_FLP_00_0000.jpeg,https://www.rightmove.co.uk/properties/79723242#/map?channel=RES_BUY,1194.0,152.5,59.0,211.5
570000.0,"Chandos Crescent, ( Front gate in Overbrook Walk ), Edgware",Semi-Detached,×3,https://media.rightmove.co.uk/dir/205k/204362/126967805/204362_311907_FLP_00_0000.jpeg,https://www.rightmove.co.uk/properties/126967805#/map?channel=RES_BUY,926.0,82.0,130.5,212.5
675000.0,"School Lane, Pinner, Middlesex, HA5",House,×3,https://media.rightmove.co.uk/dir/15k/14825/125596592/14825_PIN220117_FLP_00_0000.jpeg,https://www.rightmove.co.uk/properties/125596592#/map?channel=RES_BUY,1461.0,206.5,7.0,213.5
645000.0," Ludlow Close, Harrow, HA2 8SR",Semi-Detached,×3,https://media.rightmove.co.uk/dir/7k/6116/125637305/6116_101374008017_FLP_00_0000.jpeg,https://www.rightmove.co.uk/properties/125637305#/map?channel=RES_BUY,1239.0,170.5,43.5,214.0
520000.0,"Dalston Gardens, Stanmore, HA7",End of Terrace,×2,https://media.rightmove.co.uk/dir/251k/250739/128593469/250739_1215049_FLP_00_0000.png,https://www.rightmove.co.uk/properties/128593469#/map?channel=RES_BUY,770.0,33.5,181.0,214.5
640000.0,"Eastcote Lane, Harrow",Semi-Detached,×4,https://media.rightmove.co.uk/dir/252k/251708/127067348/251708_31794932_FLP_00_0000.jpeg,https://www.rightmove.co.uk/properties/127067348#/map?channel=RES_BUY,1224.0,167.5,48.0,215.5
460000.0,"Daintry Close, Harrow",Terraced,×2,https://media.rightmove.co.uk/dir/56k/55692/85665540/55692_11515325_FLP_00_0000.jpeg,https://www.rightmove.co.uk/properties/85665540#/map?channel=RES_BUY,640.0,15.5,200.0,215.5
515000.0,"Kenilworth Avenue, Harrow",Semi-Detached,×3,https://media.rightmove.co.uk/dir/235k/234602/128253719/234602_100415008099_FLP_00_0000.jpeg,https://www.rightmove.co.uk/properties/128253719#/map?channel=RES_BUY,740.0,31.0,185.0,216.0
675000.0,"Carlyon Avenue, Harrow, Middlesex, HA2",End of Terrace,×4,https://media.rightmove.co.uk/dir/11k/10776/127447673/10776_HAR220769_FLP_00_0000.jpeg,https://www.rightmove.co.uk/properties/127447673#/map?channel=RES_BUY,1433.0,206.5,10.0,216.5
575000.0,"Willows Close, Pinner, Greater London, HA5",End of Terrace,×3,https://media.rightmove.co.uk/dir/15k/14825/96616108/14825_HAR220315_FLP_00_0000.jpeg,https://www.rightmove.co.uk/properties/96616108#/map?channel=RES_BUY,943.0,91.5,125.5,217.0
600000.0,"Broadcroft Avenue, Stanmore, HA7",Semi-Detached,×3,https://media.rightmove.co.uk/dir/44k/43260/128723651/43260_SMO220229_FLP_00_0000.jpeg,https://www.rightmove.co.uk/properties/128723651#/map?channel=RES_BUY,1056.0,128.0,89.0,217.0
450000.0,"College Road, Harrow Weald, Harrow",End of Terrace,×2,https://media.rightmove.co.uk/dir/70k/69686/113906207/69686_102800003693_FLP_00_0000.jpeg,https://www.rightmove.co.uk/properties/113906207#/map?channel=RES_BUY,602.0,12.5,205.0,217.5
600000.0,"Camrose Avenue, Edgware",Semi-Detached,×3,https://media.rightmove.co.uk/dir/205k/204362/126388559/204362_303120_FLP_00_0000.jpeg,https://www.rightmove.co.uk/properties/126388559#/map?channel=RES_BUY,1054.0,128.0,91.0,219.0
525000.0,"Sherwood Road, Harrow, HA2",Terraced,×3,https://media.rightmove.co.uk/dir/112k/111497/127566401/111497_25412468_FLP_00_0000.jpeg,https://www.rightmove.co.uk/properties/127566401#/map?channel=RES_BUY,776.0,41.5,178.0,219.5
650000.0,"Kenton Lane, Harrow, Middlesex, HA3",Semi-Detached,×3,https://media.rightmove.co.uk/dir/173k/172868/124282592/172868_STN220293_FLP_00_0000.jpeg,https://www.rightmove.co.uk/properties/124282592#/map?channel=RES_BUY,1274.0,186.5,34.0,220.5
565000.0,"Castellane Close, Stanmore, HA7",Link Detached House,×3,https://media.rightmove.co.uk/dir/239k/238889/126781541/238889_31774496_FLP_00_0000.jpeg,https://www.rightmove.co.uk/properties/126781541#/map?channel=RES_BUY,905.0,78.0,143.0,221.0
485000.0,"College Road, Harrow Weald, Harrow, Middlesex, HA3",End of Terrace,×2,https://media.rightmove.co.uk/dir/173k/172868/127362716/172868_STN180268_FLP_00_0000.jpeg,https://www.rightmove.co.uk/properties/127362716#/map?channel=RES_BUY,619.0,18.0,203.0,221.0
525000.0,"Woodpecker Close, Harrow Weald",Terraced,×3,https://media.rightmove.co.uk/dir/70k/69686/124761782/69686_102800003870_FLP_00_0000.jpeg,https://www.rightmove.co.uk/properties/124761782#/map?channel=RES_BUY,773.0,41.5,180.0,221.5
575000.0,"Walton Avenue, Harrow",Semi-Detached,×3,https://media.rightmove.co.uk/dir/16k/15002/124479014/15002_103358006493_FLP_00_0000.png,https://www.rightmove.co.uk/properties/124479014#/map?channel=RES_BUY,926.0,91.5,130.5,222.0
695000.0,"Charmian Avenue, Stanmore, Middlesex, HA7",Semi-Detached,×4,https://media.rightmove.co.uk/dir/173k/172868/127717736/172868_STN220403_FLP_00_0000.jpeg,https://www.rightmove.co.uk/properties/127717736#/map?channel=RES_BUY,1642.0,221.0,1.0,222.0
625000.0,"Oxford Road, Harrow, HA1 4JH",End of Terrace,×3,https://media.rightmove.co.uk/dir/7k/6116/125765519/6116_101374007756_FLP_00_0000.png,https://www.rightmove.co.uk/properties/125765519#/map?channel=RES_BUY,1118.0,152.5,70.0,222.5
525000.0,"Adderley Road, Harrow Weald",Terraced,×3,https://media.rightmove.co.uk/dir/70k/69686/126901925/69686_102800003925_FLP_00_0000.jpeg,https://www.rightmove.co.uk/properties/126901925#/map?channel=RES_BUY,767.0,41.5,182.0,223.5
650000.0,"Kenton Lane, Harrow, HA3",House,×3,https://media.rightmove.co.uk/dir/239k/238889/128029919/238889_31868617_FLP_00_0000.jpeg,https://www.rightmove.co.uk/properties/128029919#/map?channel=RES_BUY,1247.0,186.5,39.0,225.5
585000.0,"Bellamy Drive, Stanmore, Middlesex, HA7",Semi-Detached,×3,https://media.rightmove.co.uk/dir/173k/172868/124413521/172868_STN220282_FLP_00_0000.jpeg,https://www.rightmove.co.uk/properties/124413521#/map?channel=RES_BUY,955.0,105.0,122.0,227.0
525000.0,"The Chase, Pinner, Greater London, HA5",Terraced,×2,https://media.rightmove.co.uk/dir/15k/14825/128451635/14825_HAR220285_FLP_00_0000.jpeg,https://www.rightmove.co.uk/properties/128451635#/map?channel=RES_BUY,739.0,41.5,186.0,227.5
550000.0,"Pinner Green, Pinner, Middx, HA5",Terraced,×2,https://media.rightmove.co.uk/dir/15k/14825/85342083/14825_HAR220320_FLP_00_0000.jpeg,https://www.rightmove.co.uk/properties/85342083#/map?channel=RES_BUY,820.0,65.0,165.5,230.5
684950.0,"Malvern Avenue, Harrow, HA2",End of Terrace,×4,https://media.rightmove.co.uk/dir/56k/55185/127649249/55185_23164784_FLP_00_0000.png,https://www.rightmove.co.uk/properties/127649249#/map?channel=RES_BUY,1369.6,214.0,17.0,231.0
509950.0,"Nelson Road,  Harrow on the Hill, HA1",Terraced,×2,https://media.rightmove.co.uk/dir/15k/14627/118737356/14627_2341_FLP_00_0000.jpeg,https://www.rightmove.co.uk/properties/118737356#/map?channel=RES_BUY,632.0,29.0,202.0,231.0
675000.0,"Old Church Lane, Stanmore, Middlesex, HA7",End of Terrace,×3,https://media.rightmove.co.uk/dir/173k/172868/128233784/172868_STN220196_FLP_00_0000.jpeg,https://www.rightmove.co.uk/properties/128233784#/map?channel=RES_BUY,1306.0,206.5,26.0,232.5
585000.0,"Kings Road, Harrow",Terraced,×3,https://media.rightmove.co.uk/dir/157k/156206/126151349/156206_11515445_FLP_00_0000.jpeg,https://www.rightmove.co.uk/properties/126151349#/map?channel=RES_BUY,933.0,105.0,127.5,232.5
675000.0,"Newquay Crescent, Harrow, Middlesex, HA2",Semi-Detached,×4,https://media.rightmove.co.uk/dir/11k/10776/85306455/10776_HAR211227_FLP_00_0000.jpeg,https://www.rightmove.co.uk/properties/85306455#/map?channel=RES_BUY,1305.0,206.5,27.0,233.5
675000.0,"Fairway Avenue, Kingsbury, London, NW9",Semi-Detached,×5,https://media.rightmove.co.uk/dir/224k/223670/127370375/223670_ACR220152_FLP_00_0001.jpeg,https://www.rightmove.co.uk/properties/127370375#/map?channel=RES_BUY,1302.0,206.5,28.0,234.5
565000.0,"The Heights, Northolt",Semi-Detached,×3,https://media.rightmove.co.uk/dir/52k/51389/127424597/51389_11685316_FLP_00_0000.jpeg,https://www.rightmove.co.uk/properties/127424597#/map?channel=RES_BUY,850.0,78.0,157.0,235.0
550000.0,"Kings Road, Harrow, HA2",Terraced,×3,https://media.rightmove.co.uk/dir/56k/55185/127499315/55185_25212277_FLP_00_0001.png,https://www.rightmove.co.uk/properties/127499315#/map?channel=RES_BUY,806.0,65.0,170.0,235.0
525000.0,"Harrow, Middlesex, HA3",End of Terrace,×2,https://media.rightmove.co.uk/dir/31k/30482/128399978/30482_4746123_FLP_00_0000.png,https://www.rightmove.co.uk/properties/128399978#/map?channel=RES_BUY,663.0,41.5,194.0,235.5
675000.0,"Maricas Avenue, Harrow Weald",Semi-Detached,×3,https://media.rightmove.co.uk/dir/70k/69686/126541538/69686_102800003916_FLP_00_0000.jpeg,https://www.rightmove.co.uk/properties/126541538#/map?channel=RES_BUY,1296.0,206.5,29.0,235.5
650000.0,"Calder Gardens, Edgware, HA8",Semi-Detached,×3,https://media.rightmove.co.uk/dir/239k/238889/127449956/238889_31823138_FLP_00_0000.jpeg,https://www.rightmove.co.uk/properties/127449956#/map?channel=RES_BUY,1223.0,186.5,49.0,235.5
675000.0,"Sparkbridge Road, Harrow, HA1",Semi-Detached,×3,https://media.rightmove.co.uk/dir/109k/108947/126078866/108947_1212188_FLP_00_0000.png,https://www.rightmove.co.uk/properties/126078866#/map?channel=RES_BUY,1286.0,206.5,31.0,237.5
600000.0,"Harrow Weald, Middlesex",Semi-Detached,×3,https://media.rightmove.co.uk/dir/70k/69686/125761799/69686_102800003671_FLP_00_0000.png,https://www.rightmove.co.uk/properties/125761799#/map?channel=RES_BUY,984.0,128.0,110.0,238.0
550000.0,"Clitheroe Avenue, Harrow",Terraced,×3,https://media.rightmove.co.uk/dir/235k/234602/85932981/234602_100415008641_FLP_00_0000.jpeg,https://www.rightmove.co.uk/properties/85932981#/map?channel=RES_BUY,794.0,65.0,174.5,239.5
539950.0,"Victoria Terrace, Harrow, HA1 3EW ",Cottage,×2,https://media.rightmove.co.uk/dir/7k/6116/127714007/6116_101374008202_FLP_00_0000.jpeg,https://www.rightmove.co.uk/properties/127714007#/map?channel=RES_BUY,725.0,53.0,187.5,240.5
539950.0,"Victoria Terrace, Harrow On The Hill",Cottage,×2,https://media.rightmove.co.uk/dir/78k/77086/127499006/77086_31826858_FLP_00_0000.jpeg,https://www.rightmove.co.uk/properties/127499006#/map?channel=RES_BUY,725.0,53.0,187.5,240.5
585000.0,"Rayners Lane, Harrow",Semi-Detached,×3,https://media.rightmove.co.uk/dir/157k/156206/126613079/156206_11670601_FLP_00_0000.jpeg,https://www.rightmove.co.uk/properties/126613079#/map?channel=RES_BUY,912.0,105.0,136.0,241.0
449950.0,"Ellement Close, Pinner",Maisonette,×2,https://media.rightmove.co.uk/dir/157k/156206/125158523/156206_11583783_FLP_00_0000.jpeg,https://www.rightmove.co.uk/properties/125158523#/map?channel=RES_BUY,0.0,10.0,231.5,241.5
595000.0,"Daventer Drive, Stanmore, HA7",Link Detached House,×3,https://media.rightmove.co.uk/dir/44k/43260/124054280/43260_SMO220014_FLP_00_0000.jpeg,https://www.rightmove.co.uk/properties/124054280#/map?channel=RES_BUY,917.0,109.5,132.5,242.0
675000.0,"Chestnut Drive, Harrow Weald",Semi-Detached Bungalow,×3,https://media.rightmove.co.uk/dir/70k/69686/126306320/69686_102800003915_FLP_00_0000.jpeg,https://www.rightmove.co.uk/properties/126306320#/map?channel=RES_BUY,1267.0,206.5,36.0,242.5
649950.0,"Mollison Way, Edgware, Greater London",Semi-Detached,×3,https://media.rightmove.co.uk/dir/215k/214967/126116324/214967_ZMorelandKW0000773292_FLP_00_0000.png,https://www.rightmove.co.uk/properties/126116324#/map?channel=RES_BUY,1121.0,174.5,69.0,243.5
539950.0,"Victoria Terrace,  Harrow, HA1",End of Terrace,×2,https://media.rightmove.co.uk/dir/15k/14627/85131375/14627_2364_FLP_00_0000.jpeg,https://www.rightmove.co.uk/properties/85131375#/map?channel=RES_BUY,698.0,53.0,191.0,244.0
700000.0,"Lange Road, Harrow",Terraced,×5,https://media.rightmove.co.uk/dir/157k/156206/127812917/156206_11707288_FLP_00_0000.jpeg,https://www.rightmove.co.uk/properties/127812917#/map?channel=RES_BUY,1559.0,239.0,5.0,244.0
450000.0,"Belmont Road, Harrow",Terraced,×2,https://media.rightmove.co.uk/dir/94k/93881/126802514/93881_31775745_FLP_00_0000.png,https://www.rightmove.co.uk/properties/126802514#/map?channel=RES_BUY,0.0,12.5,231.5,244.0
600000.0,"High Road, Harrow",Bungalow,×2,https://media.rightmove.co.uk/dir/12k/11525/120204470/11525_0169_HRT016910361_FLP_00_0000.jpeg,https://www.rightmove.co.uk/properties/120204470#/map?channel=RES_BUY,966.0,128.0,116.0,244.0
625000.0,"Carlyon Avenue, Harrow, HA2",Semi-Detached,×3,https://media.rightmove.co.uk/dir/109k/108947/127425704/108947_1214044_FLP_00_0000.png,https://www.rightmove.co.uk/properties/127425704#/map?channel=RES_BUY,1052.0,152.5,92.0,244.5
600000.0,"High Road, Harrow, HA3",Bungalow,×2,https://media.rightmove.co.uk/dir/97k/96608/124277315/96608_HRR220148_FLP_00_0001.jpeg,https://www.rightmove.co.uk/properties/124277315#/map?channel=RES_BUY,965.0,128.0,118.0,246.0
529950.0,"Trafalgar Terrace,  Harrow on the Hill, HA1",Terraced,×2,https://media.rightmove.co.uk/dir/15k/14627/85767381/14627_2361_FLP_00_0000.jpeg,https://www.rightmove.co.uk/properties/85767381#/map?channel=RES_BUY,648.0,49.0,197.0,246.0
600000.0,"High Road, Harrow, Middlesex HA3",Bungalow,×2,https://media.rightmove.co.uk/dir/203k/202229/124775258/202229_hilton_760773170_FLP_00_0000.jpeg,https://www.rightmove.co.uk/properties/124775258#/map?channel=RES_BUY,965.0,128.0,118.0,246.0
530000.0,"Taunton Way, Stanmore, Middlesex, HA7",Semi-Detached,×3,https://media.rightmove.co.uk/dir/173k/172868/126821450/172868_STN220311_FLP_00_0000.jpeg,https://www.rightmove.co.uk/properties/126821450#/map?channel=RES_BUY,655.0,50.0,196.0,246.0
600000.0,"High Road, Harrow, HA3",Detached Bungalow,×2,https://media.rightmove.co.uk/dir/239k/238889/120619436/238889_31325172_FLP_00_0000.jpeg,https://www.rightmove.co.uk/properties/120619436#/map?channel=RES_BUY,965.0,128.0,118.0,246.0
675000.0,"Grosvenor Avenue, North Harrow, Harrow, HA2",Semi-Detached,×3,https://media.rightmove.co.uk/dir/109k/108947/127464938/108947_1216164_FLP_00_0000.png,https://www.rightmove.co.uk/properties/127464938#/map?channel=RES_BUY,1246.0,206.5,40.5,247.0
700000.0,"Bolton Road, Harrow, HA1",Detached,×3,https://media.rightmove.co.uk/dir/56k/55185/112844756/55185_21313092_FLP_00_0000.png,https://www.rightmove.co.uk/properties/112844756#/map?channel=RES_BUY,1447.0,239.0,9.0,248.0
625000.0,Welbeck Road HA2 0RU,Semi-Detached,×4,https://media.rightmove.co.uk/dir/157k/156206/128450789/156206_11734903_FLP_00_0000.jpeg,https://www.rightmove.co.uk/properties/128450789#/map?channel=RES_BUY,1037.0,152.5,96.0,248.5
699950.0,"Chester Drive, Harrow",Detached,×3,https://media.rightmove.co.uk/dir/157k/156206/128600300/156206_11757973_FLP_00_0001.jpeg,https://www.rightmove.co.uk/properties/128600300#/map?channel=RES_BUY,1329.0,227.0,21.5,248.5
585000.0,"Capthorne Avenue, Harrow, Middlesex",End of Terrace,×3,https://media.rightmove.co.uk/dir/84k/83398/85908366/83398_31860516_FLP_00_0001.jpeg,https://www.rightmove.co.uk/properties/85908366#/map?channel=RES_BUY,893.0,105.0,144.5,249.5
700000.0,"Alexandra Avenue, Harrow, HA2",Semi-Detached,×5,https://media.rightmove.co.uk/dir/203k/202922/119523017/202922_1306513-1_FLP_00_0000.jpeg,https://www.rightmove.co.uk/properties/119523017#/map?channel=RES_BUY,1415.0,239.0,12.0,251.0
700000.0,"Sussex Road, West Harrow, Harrow, HA1",Terraced,×4,https://media.rightmove.co.uk/dir/109k/108947/124388339/108947_1207271_FLP_00_0000.png,https://www.rightmove.co.uk/properties/124388339#/map?channel=RES_BUY,1410.0,239.0,13.0,252.0
650000.0,"Gloucester Road, Harrow",Semi-Detached,×3,https://media.rightmove.co.uk/dir/157k/156206/128626694/156206_10557018_FLP_00_0000.jpeg,https://www.rightmove.co.uk/properties/128626694#/map?channel=RES_BUY,1152.0,186.5,66.0,252.5
700000.0,"Hooking Green, Harrow, Middlesex, HA2",Semi-Detached,×4,https://media.rightmove.co.uk/dir/11k/10776/127717499/10776_HAR220757_FLP_00_0000.jpeg,https://www.rightmove.co.uk/properties/127717499#/map?channel=RES_BUY,1398.0,239.0,15.0,254.0
695000.0,"Lifford Court, Off Roxeth Hill, Harrow on the Hill, HA2",End of Terrace,×3,https://media.rightmove.co.uk/dir/15k/14627/126081377/14627_2409_FLP_00_0000.jpeg,https://www.rightmove.co.uk/properties/126081377#/map?channel=RES_BUY,1276.0,221.0,33.0,254.0
500000.0,"College Road, Harrow Weald",Terraced,×3,https://media.rightmove.co.uk/dir/70k/69686/122304053/69686_102800003839_FLP_00_0000.jpeg,https://www.rightmove.co.uk/properties/122304053#/map?channel=RES_BUY,0.0,24.0,231.5,255.5
635000.0,"Welbeck Road, Harrow",Semi-Detached,×3,https://media.rightmove.co.uk/dir/157k/156206/128172752/156206_11735081_FLP_00_0000.jpeg,https://www.rightmove.co.uk/properties/128172752#/map?channel=RES_BUY,1050.0,162.5,93.5,256.0
600000.0,"Tintern Avenue, London, NW9",Semi-Detached,×3,https://media.rightmove.co.uk/dir/66k/65598/128190650/65598_KBS220470_FLP_00_0000.png,https://www.rightmove.co.uk/properties/128190650#/map?channel=RES_BUY,929.0,128.0,129.0,257.0
595000.0,"Dean Drive, Stanmore, HA7",End of Terrace,×3,https://media.rightmove.co.uk/dir/251k/250739/128202899/250739_1218529_FLP_00_0000.png,https://www.rightmove.co.uk/properties/128202899#/map?channel=RES_BUY,881.0,109.5,147.5,257.0
649950.0,"Grange Gardens,Pinner,HA5 5QB",Detached,×2,https://media.rightmove.co.uk/dir/239k/238265/127399061/238265_S134769_FLP_00_0000.jpeg,https://www.rightmove.co.uk/properties/127399061#/map?channel=RES_BUY,1088.0,174.5,82.5,257.0
649950.0,"Garage Gardens, Pinner Village",Link Detached House,×2,https://media.rightmove.co.uk/dir/29k/28997/127622741/28997_100242003319_FLP_00_0000.png,https://www.rightmove.co.uk/properties/127622741#/map?channel=RES_BUY,1088.0,174.5,82.5,257.0
625000.0,"Risingholme Road, Harrow, HA3",End of Terrace,×3,https://media.rightmove.co.uk/dir/203k/202922/122920988/202922_1354256-1_FLP_00_0000.jpeg,https://www.rightmove.co.uk/properties/122920988#/map?channel=RES_BUY,1009.0,152.5,105.0,257.5
700000.0,"Northumberland Road, Harrow, Middlesex, HA2",Semi-Detached,×3,https://media.rightmove.co.uk/dir/15k/14825/127265876/14825_PIN220241_FLP_00_0000.jpeg,https://www.rightmove.co.uk/properties/127265876#/map?channel=RES_BUY,1352.0,239.0,19.0,258.0
649950.0,"Portland Crescent, Stanmore, HA7",Semi-Detached,×3,https://media.rightmove.co.uk/dir/235k/234920/127838492/234920_ANDER_002894_FLP_00_0001.jpeg,https://www.rightmove.co.uk/properties/127838492#/map?channel=RES_BUY,1076.0,174.5,84.0,258.5
625000.0,"Durley Avenue, Pinner, Middlesex, HA5",Terraced,×3,https://media.rightmove.co.uk/dir/15k/14825/127306154/14825_PIN190663_FLP_00_0000.jpeg,https://www.rightmove.co.uk/properties/127306154#/map?channel=RES_BUY,1007.0,152.5,106.0,258.5
700000.0,"The Highlands, Edgware, HA8",Semi-Detached,×6,https://media.rightmove.co.uk/dir/7k/6292/124305776/6292_KTN220021_FLP_00_0000.jpeg,https://www.rightmove.co.uk/properties/124305776#/map?channel=RES_BUY,1333.0,239.0,20.0,259.0
575000.0,"Whitby Road, Harrow",Detached Bungalow,×2,https://media.rightmove.co.uk/dir/205k/204362/127418069/204362_269568_FLP_00_0000.jpeg,https://www.rightmove.co.uk/properties/127418069#/map?channel=RES_BUY,807.0,91.5,169.0,260.5
599999.0,"Derwent Crescent, Stanmore, HA7",House,×3,https://media.rightmove.co.uk/dir/239k/238889/128684510/238889_31919476_FLP_00_0000.jpeg,https://www.rightmove.co.uk/properties/128684510#/map?channel=RES_BUY,878.0,112.0,149.5,261.5
650000.0,"Hunton Cottages, Stanmore",Semi-Detached,×3,https://media.rightmove.co.uk/dir/239k/238889/122438870/238889_31427683_FLP_00_0000.jpeg,https://www.rightmove.co.uk/properties/122438870#/map?channel=RES_BUY,1106.0,186.5,75.0,261.5
675000.0,"Chartley Avenue, Stanmore",Bungalow,×3,https://media.rightmove.co.uk/dir/54k/53955/96569503/53955_PUP1CHARTL22_FLP_00_0000.jpeg,https://www.rightmove.co.uk/properties/96569503#/map?channel=RES_BUY,1207.0,206.5,56.0,262.5
650000.0,"Whitchurch Gardens, Edgware, Middx, HA8",Bungalow,×2,https://media.rightmove.co.uk/dir/224k/223670/127638905/223670_ACR220271_FLP_00_0000.jpeg,https://www.rightmove.co.uk/properties/127638905#/map?channel=RES_BUY,1103.0,186.5,76.0,262.5
635000.0,"Belmont Road, Harrow Weald",Semi-Detached,×3,https://media.rightmove.co.uk/dir/70k/69686/126315587/69686_102800003907_FLP_00_0000.png,https://www.rightmove.co.uk/properties/126315587#/map?channel=RES_BUY,1018.0,162.5,100.0,262.5
600000.0,"Adderley Road, Harrow Weald",End of Terrace,×3,https://media.rightmove.co.uk/dir/70k/69686/126175688/69686_102800003908_FLP_00_0000.png,https://www.rightmove.co.uk/properties/126175688#/map?channel=RES_BUY,914.0,128.0,135.0,263.0
520000.0,"Whitefriars Avenue, Harrow, HA3",Terraced,×3,https://media.rightmove.co.uk/dir/244k/243608/125822417/243608_HSS240784_FLP_00_0000.jpeg,https://www.rightmove.co.uk/properties/125822417#/map?channel=RES_BUY,0.0,33.5,231.5,265.0
625000.0,"Canterbury Road, Harrow",Semi-Detached,×3,https://media.rightmove.co.uk/dir/7k/6761/128488781/6761_11709203_FLP_00_0000.jpeg,https://www.rightmove.co.uk/properties/128488781#/map?channel=RES_BUY,971.0,152.5,112.5,265.0
575000.0,"Chatsworth Gardens, Harrow",Semi-Detached,×3,https://media.rightmove.co.uk/dir/157k/156206/128626700/156206_11750908_FLP_00_0000.jpeg,https://www.rightmove.co.uk/properties/128626700#/map?channel=RES_BUY,794.0,91.5,174.5,266.0
689950.0,"Lady Aylesford Avenue, Stanmore, Middlesex, HA7",Town House,×3,https://media.rightmove.co.uk/dir/173k/172868/85301151/172868_STN220226_FLP_00_0000.jpeg,https://www.rightmove.co.uk/properties/85301151#/map?channel=RES_BUY,1215.0,216.0,50.5,266.5
689950.0,"Lady Aylesford Avenue, Stanmore, HA7",House,×3,https://media.rightmove.co.uk/dir/239k/238889/125507735/238889_31683546_FLP_00_0000.jpeg,https://www.rightmove.co.uk/properties/125507735#/map?channel=RES_BUY,1215.0,216.0,50.5,266.5
575000.0,"Tintern Avenue, London, NW9",Semi-Detached,×3,https://media.rightmove.co.uk/dir/66k/65598/128339900/65598_KBS220424_FLP_00_0000.png,https://www.rightmove.co.uk/properties/128339900#/map?channel=RES_BUY,784.0,91.5,177.0,268.5
675000.0,"Old Church Lane, Stanmore",Semi-Detached,×3,https://media.rightmove.co.uk/dir/205k/204362/127229450/204362_289867_FLP_00_0000.jpeg,https://www.rightmove.co.uk/properties/127229450#/map?channel=RES_BUY,1163.0,206.5,64.5,271.0
699950.0,"Chester Drive, North Harrow, HA2",Detached,×3,https://media.rightmove.co.uk/dir/36k/35085/128606207/35085_RSPIN_657223_FLP_00_0000.jpeg,https://www.rightmove.co.uk/properties/128606207#/map?channel=RES_BUY,1233.0,227.0,45.0,272.0
525000.0,"Adderley Road, Harrow, HA3",Terraced,×3,https://media.rightmove.co.uk/dir/235k/234920/128600477/234920_ANDER_003096_FLP_00_0000.jpeg,https://www.rightmove.co.uk/properties/128600477#/map?channel=RES_BUY,0.0,41.5,231.5,273.0
525000.0,"Dryden Road, Harrow",Terraced,×3,https://media.rightmove.co.uk/dir/2k/1680/126560831/1680_HRW309688_FLP_00_0000.jpeg,https://www.rightmove.co.uk/properties/126560831#/map?channel=RES_BUY,0.0,41.5,231.5,273.0
690000.0,"Marsworth Avenue, Pinner",Semi-Detached,×3,https://media.rightmove.co.uk/dir/205k/204362/128036396/204362_316694_FLP_00_0000.jpeg,https://www.rightmove.co.uk/properties/128036396#/map?channel=RES_BUY,1205.0,218.5,57.0,275.5
550000.0,"Kenton Lane, Harrow",Semi-Detached,×3,https://media.rightmove.co.uk/dir/56k/55692/127759967/55692_11548329_FLP_00_0000.jpeg,https://www.rightmove.co.uk/properties/127759967#/map?channel=RES_BUY,420.0,65.0,213.0,278.0
600000.0,"Brightwen Grove, Stanmore, HA7",Semi-Detached,×3,https://media.rightmove.co.uk/dir/251k/250739/126031292/250739_1211080_FLP_02_0000.png,https://www.rightmove.co.uk/properties/126031292#/map?channel=RES_BUY,873.0,128.0,153.0,281.0
700000.0,"St. Michaels Crescent, Pinner, Middlesex, HA5",Semi-Detached,×3,https://media.rightmove.co.uk/dir/15k/14825/127711766/14825_PIN180213_FLP_00_0000.jpeg,https://www.rightmove.co.uk/properties/127711766#/map?channel=RES_BUY,1239.0,239.0,43.5,282.5
610000.0,"Weald Rise, Harrow,HA3",Semi-Detached Bungalow,×2,https://media.rightmove.co.uk/dir/239k/238889/123636584/238889_31520240_FLP_00_0000.jpeg,https://www.rightmove.co.uk/properties/123636584#/map?channel=RES_BUY,910.0,144.0,139.5,283.5
650000.0,"Welbeck Road, Harrow, Middlesex, HA2",Semi-Detached,×3,https://media.rightmove.co.uk/dir/11k/10776/127945634/10776_HAR190760_FLP_00_0000.jpeg,https://www.rightmove.co.uk/properties/127945634#/map?channel=RES_BUY,1036.0,186.5,97.0,283.5
575000.0,"Church Drive, North Harrow, Middlesex, HA2",Bungalow,×2,https://media.rightmove.co.uk/dir/15k/14825/127893671/14825_PIN220253_FLP_00_0000.jpeg,https://www.rightmove.co.uk/properties/127893671#/map?channel=RES_BUY,684.0,91.5,193.0,284.5
699950.0,"Fairways, Stanmore",Semi-Detached,×5,https://media.rightmove.co.uk/dir/70k/69002/124616285/69002_69_FLP_00_0001.jpeg,https://www.rightmove.co.uk/properties/124616285#/map?channel=RES_BUY,1164.0,227.0,63.0,290.0
625000.0,"Stox Mead, Harrow",Semi-Detached,×3,https://media.rightmove.co.uk/dir/10k/9862/123977042/9862_11540844_FLP_00_0000.jpeg,https://www.rightmove.co.uk/properties/123977042#/map?channel=RES_BUY,911.0,152.5,137.5,290.0
650000.0,"Eaton Close, Stanmore, HA7",Terraced,×4,https://media.rightmove.co.uk/dir/203k/202922/126019256/202922_1394968-1_FLP_00_0000.jpeg,https://www.rightmove.co.uk/properties/126019256#/map?channel=RES_BUY,1010.0,186.5,104.0,290.5
675000.0,"Berridge Green, Edgware, HA8",Semi-Detached,×4,https://media.rightmove.co.uk/dir/251k/250739/127043495/250739_1214977_FLP_00_0000.png,https://www.rightmove.co.uk/properties/127043495#/map?channel=RES_BUY,1060.0,206.5,88.0,294.5
699950.0,"Boxtree Lane, Harrow, Middlesex, HA3",Semi-Detached,×4,https://media.rightmove.co.uk/dir/173k/172868/128197247/172868_STN220437_FLP_00_0000.jpeg,https://www.rightmove.co.uk/properties/128197247#/map?channel=RES_BUY,1128.0,227.0,68.0,295.0
600000.0,"Northwick Avenue, Kenton, Harrow, HA3",Semi-Detached,×3,https://media.rightmove.co.uk/dir/109k/108947/127038875/108947_1212099_FLP_00_0000.png,https://www.rightmove.co.uk/properties/127038875#/map?channel=RES_BUY,813.0,128.0,168.0,296.0
550000.0,"Acacia Close, Stanmore",Town House,×4,https://media.rightmove.co.uk/dir/12k/11525/128582327/11525_0169_HRT016910677_FLP_00_0000.jpeg,https://www.rightmove.co.uk/properties/128582327#/map?channel=RES_BUY,0.0,65.0,231.5,296.5
550000.0,"Carlyon Avenue, Harrow",Semi-Detached,×3,https://media.rightmove.co.uk/dir/2k/1680/126434408/1680_HRW309718_FLP_00_0000.jpeg,https://www.rightmove.co.uk/properties/126434408#/map?channel=RES_BUY,0.0,65.0,231.5,296.5
550000.0,"Courtenay Gardens, Harrow",Semi-Detached,×4,https://media.rightmove.co.uk/dir/2k/1680/102055061/1680_HRW308379_FLP_00_0000.jpeg,https://www.rightmove.co.uk/properties/102055061#/map?channel=RES_BUY,0.0,65.0,231.5,296.5
675000.0,"Waxwell Lane, Pinner, HA5",Semi-Detached,×2,https://media.rightmove.co.uk/dir/36k/35085/128152088/35085_RSPIN_609462_FLP_00_0000.jpeg,https://www.rightmove.co.uk/properties/128152088#/map?channel=RES_BUY,1055.0,206.5,90.0,296.5
649950.0,"Portland Crescent, Stanmore, Middlesex, HA7",Semi-Detached,×3,https://media.rightmove.co.uk/dir/7k/6292/128026550/6292_KTN220030_FLP_00_0000.png,https://www.rightmove.co.uk/properties/128026550#/map?channel=RES_BUY,943.0,174.5,125.5,300.0
575000.0,"Lynton Road, Harrow, HA2",Terraced,×3,https://media.rightmove.co.uk/dir/244k/243608/126348050/243608_HSS244254_FLP_00_0000.jpeg,https://www.rightmove.co.uk/properties/126348050#/map?channel=RES_BUY,446.0,91.5,211.0,302.5
585000.0,"Ashdale Grove, Stanmore, HA7",Bungalow,×2,https://media.rightmove.co.uk/dir/46k/45479/126336533/45479_EDG220094_FLP_00_0000.jpeg,https://www.rightmove.co.uk/properties/126336533#/map?channel=RES_BUY,642.0,105.0,199.0,304.0
699950.0,"Verwood Road, North Harrow, Harrow, HA2",Semi-Detached,×4,https://media.rightmove.co.uk/dir/182k/181958/126073358/181958_sonia_1750734691_FLP_00_0000.jpeg,https://www.rightmove.co.uk/properties/126073358#/map?channel=RES_BUY,1097.0,227.0,77.5,304.5
600000.0,"Orchard Grove, Kenton, Harrow, Middlesex, HA3",Terraced,×3,https://media.rightmove.co.uk/dir/5k/4571/128646077/4571_KGB220126_FLP_00_0000.jpeg,https://www.rightmove.co.uk/properties/128646077#/map?channel=RES_BUY,775.0,128.0,179.0,307.0
585000.0,"Bellamy Drive, Stanmore",Semi-Detached,×3,https://media.rightmove.co.uk/dir/12k/11525/128152505/11525_0169_HRT016910765_FLP_00_0000.jpeg,https://www.rightmove.co.uk/properties/128152505#/map?channel=RES_BUY,513.0,105.0,207.0,312.0
570000.0,"Eastcote Avenue, Harrow, HA2",Terraced,×3,https://media.rightmove.co.uk/dir/244k/243608/127177898/243608_HSS251379_FLP_00_0000.jpeg,https://www.rightmove.co.uk/properties/127177898#/map?channel=RES_BUY,0.0,82.0,231.5,313.5
699950.0,"Lyndon Avenue, Pinner",Semi-Detached,×3,https://media.rightmove.co.uk/dir/246k/245510/85661325/245510_1377_FLP_00_0000.jpeg,https://www.rightmove.co.uk/properties/85661325#/map?channel=RES_BUY,1064.0,227.0,87.0,314.0
600000.0,"Rugby Road, London, NW9",Terraced,×3,https://media.rightmove.co.uk/dir/66k/65598/128198036/65598_KBS220453_FLP_00_0000.png,https://www.rightmove.co.uk/properties/128198036#/map?channel=RES_BUY,724.0,128.0,189.5,317.5
625000.0,"Tintern Way, Harrow, Middlesex HA2",Semi-Detached,×3,https://media.rightmove.co.uk/dir/203k/202229/127700012/202229_hilton_1184018645_FLP_00_0000.jpeg,https://www.rightmove.co.uk/properties/127700012#/map?channel=RES_BUY,819.0,152.5,167.0,319.5
635000.0,"Old Kenton Lane, Kingsbury",Semi-Detached,×3,https://media.rightmove.co.uk/dir/244k/243590/126641873/243590_Zjosephproperty0000478876_FLP_00_0000.jpeg,https://www.rightmove.co.uk/properties/126641873#/map?channel=RES_BUY,847.0,162.5,159.0,321.5
575000.0,"Earls Crescent, Harrow",Semi-Detached,×3,https://media.rightmove.co.uk/dir/9k/8746/125903993/8746_31709629_FLP_00_0000.png,https://www.rightmove.co.uk/properties/125903993#/map?channel=RES_BUY,0.0,91.5,231.5,323.0
575000.0,"Chandos Crescent, Edgware, HA8",Semi-Detached,×3,https://media.rightmove.co.uk/dir/44k/43260/127886702/43260_SMO220194_FLP_00_0000.jpeg,https://www.rightmove.co.uk/properties/127886702#/map?channel=RES_BUY,0.0,91.5,231.5,323.0
699950.0,"Grange Gardens, Pinner Village",Detached Bungalow,×2,https://media.rightmove.co.uk/dir/29k/28997/127622768/28997_100242003318_FLP_00_0000.png,https://www.rightmove.co.uk/properties/127622768#/map?channel=RES_BUY,995.1,227.0,107.0,334.0
600000.0,"Shrewsbury Avenue, Harrow",Terraced,×3,https://media.rightmove.co.uk/dir/12k/11525/124042070/11525_0169_HRT016910511_FLP_00_0000.jpeg,https://www.rightmove.co.uk/properties/124042070#/map?channel=RES_BUY,456.0,128.0,209.0,337.0
650000.0,"Courtens Mews, Stanmore, London, HA7",Semi-Detached,×3,https://media.rightmove.co.uk/dir/173k/172868/128205992/172868_STN210254_FLP_00_0000.jpeg,https://www.rightmove.co.uk/properties/128205992#/map?channel=RES_BUY,875.0,186.5,151.0,337.5
695000.0,"Merrion Avenue, Stanmore, HA7",Semi-Detached,×3,https://media.rightmove.co.uk/dir/107k/106225/126585200/106225_BEP220141_FLP_00_0000.jpeg,https://www.rightmove.co.uk/properties/126585200#/map?channel=RES_BUY,962.0,221.0,120.0,341.0
600000.0,"Bridgewater Gardens, Edgware",Semi-Detached,×3,https://media.rightmove.co.uk/dir/12k/11525/127463243/11525_0169_HRT016910489_FLP_00_0000.jpeg,https://www.rightmove.co.uk/properties/127463243#/map?channel=RES_BUY,402.0,128.0,214.0,342.0
600000.0,"Woodstock Close, Stanmore",Semi-Detached,×3,https://media.rightmove.co.uk/dir/12k/11525/128081111/11525_0169_HRT016910628_FLP_00_0000.jpeg,https://www.rightmove.co.uk/properties/128081111#/map?channel=RES_BUY,393.0,128.0,215.0,343.0
699950.0,"Grange Gardens,Pinner,HA5 5QB",Bungalow,×2,https://media.rightmove.co.uk/dir/239k/238265/127399079/238265_S134773_FLP_00_0000.jpeg,https://www.rightmove.co.uk/properties/127399079#/map?channel=RES_BUY,945.0,227.0,124.0,351.0
600000.0,"Orchard Grove, Harrow, HA3",Terraced,×3,https://media.rightmove.co.uk/dir/51k/50334/128550557/50334_OHAW000003_FLP_00_0000.jpeg,https://www.rightmove.co.uk/properties/128550557#/map?channel=RES_BUY,0.0,128.0,231.5,359.5
600000.0,"Twyford Road, Harrow, HA2",Semi-Detached,×3,https://media.rightmove.co.uk/dir/244k/243608/128374601/243608_HSS257189_FLP_00_0000.jpeg,https://www.rightmove.co.uk/properties/128374601#/map?channel=RES_BUY,0.0,128.0,231.5,359.5
600000.0,"North Way, London, NW9",Semi-Detached,×3,https://media.rightmove.co.uk/dir/66k/65598/127188353/65598_KBS220414_FLP_00_0000.jpeg,https://www.rightmove.co.uk/properties/127188353#/map?channel=RES_BUY,0.0,128.0,231.5,359.5
600000.0,"Sandhurst Road, NW9",Semi-Detached,×3,https://media.rightmove.co.uk/dir/12k/11432/128373647/11432_0025_HRT002509846_FLP_00_0000.jpeg,https://www.rightmove.co.uk/properties/128373647#/map?channel=RES_BUY,0.0,128.0,231.5,359.5
625000.0,"Weald Rise, Harrow Weald",Semi-Detached,×3,https://media.rightmove.co.uk/dir/70k/69686/127156088/69686_102800003395_FLP_00_0000.png,https://www.rightmove.co.uk/properties/127156088#/map?channel=RES_BUY,500.0,152.5,208.0,360.5
625000.0,"Bouverie Road, Harrow",Semi-Detached,×3,https://media.rightmove.co.uk/dir/56k/55692/128395259/55692_9628107_FLP_00_0000.jpeg,https://www.rightmove.co.uk/properties/128395259#/map?channel=RES_BUY,442.0,152.5,212.0,364.5
700000.0,"Grimsdyke Road, Hatch End, Middlesex, HA5",Detached,×3,https://media.rightmove.co.uk/dir/9k/8748/127462166/8748_PIN170148_FLP_00_0000.jpeg,https://www.rightmove.co.uk/properties/127462166#/map?channel=RES_BUY,910.0,239.0,139.5,378.5
675000.0,"Bonnersfield Close, Harrow",Semi-Detached,×4,https://media.rightmove.co.uk/dir/56k/55692/127830587/55692_8600002_FLP_00_0000.jpeg,https://www.rightmove.co.uk/properties/127830587#/map?channel=RES_BUY,800.0,206.5,173.0,379.5
650000.0,"Larkfield Avenue, Harrow",Semi-Detached,×3,https://media.rightmove.co.uk/dir/12k/11525/128064245/11525_0169_HRT016910472_FLP_00_0000.jpeg,https://www.rightmove.co.uk/properties/128064245#/map?channel=RES_BUY,563.0,186.5,206.0,392.5
635000.0,"Victor Road, Harrow",Semi-Detached,×3,https://media.rightmove.co.uk/dir/9k/8746/125496284/8746_31682667_FLP_00_0000.png,https://www.rightmove.co.uk/properties/125496284#/map?channel=RES_BUY,0.0,162.5,231.5,394.0
649950.0,"Lankers Drive, Harrow",Semi-Detached,×3,https://media.rightmove.co.uk/dir/157k/156206/128440958/156206_11728383_FLP_00_0000.jpeg,https://www.rightmove.co.uk/properties/128440958#/map?channel=RES_BUY,0.0,174.5,231.5,406.0
650000.0,"Hibbert Road, Harrow, HA3",Terraced,×4,https://media.rightmove.co.uk/dir/244k/243608/120148916/243608_HSS204142_FLP_00_0001.jpeg,https://www.rightmove.co.uk/properties/120148916#/map?channel=RES_BUY,0.0,186.5,231.5,418.0
650000.0,"Larkfield Avenue, Harrow, HA3",Semi-Detached,×3,https://media.rightmove.co.uk/dir/97k/96608/126174926/96608_HRR220040_FLP_00_0000.jpeg,https://www.rightmove.co.uk/properties/126174926#/map?channel=RES_BUY,0.0,186.5,231.5,418.0
650000.0,"Fairholme Road, Harrow",Terraced,×4,https://media.rightmove.co.uk/dir/204k/203807/128590673/203807_314152_FLP_00_0000.jpeg,https://www.rightmove.co.uk/properties/128590673#/map?channel=RES_BUY,0.0,186.5,231.5,418.0
650000.0,"Larkfield Avenue, Harrow, HA3",Semi-Detached,×3,https://media.rightmove.co.uk/dir/244k/243608/124002230/243608_HSS205714_FLP_00_0000.jpeg,https://www.rightmove.co.uk/properties/124002230#/map?channel=RES_BUY,0.0,186.5,231.5,418.0
660000.0,"Kenton Lane, Harrow",Detached Bungalow,×3,https://media.rightmove.co.uk/dir/2k/1680/127461374/1680_HRW309768_FLP_00_0000.jpeg,https://www.rightmove.co.uk/properties/127461374#/map?channel=RES_BUY,0.0,196.0,231.5,427.5
690000.0,"Fairview Crescent, Harrow, HA2",End of Terrace,×4,https://media.rightmove.co.uk/dir/56k/55185/85950270/55185_25520628_FLP_00_0000.png,https://www.rightmove.co.uk/properties/85950270#/map?channel=RES_BUY,452.0,218.5,210.0,428.5
670000.0,"Sherborne Gardens, London, NW9",Semi-Detached,×3,https://media.rightmove.co.uk/dir/66k/65598/85927950/65598_KBS220475_FLP_00_0000.png,https://www.rightmove.co.uk/properties/85927950#/map?channel=RES_BUY,0.0,198.5,231.5,430.0
700000.0,"Vaughan Road, Harrow",Terraced,×4,https://media.rightmove.co.uk/dir/56k/55692/128515925/55692_11745651_FLP_00_0000.jpeg,https://www.rightmove.co.uk/properties/128515925#/map?channel=RES_BUY,618.0,239.0,204.0,443.0
689950.0,"Pinnora Mews, Pinner, HA5",Town House,×3,https://media.rightmove.co.uk/dir/207k/206573/114285344/206573_30995677_FLP_00_0000.png,https://www.rightmove.co.uk/properties/114285344#/map?channel=RES_BUY,0.0,216.0,231.5,447.5
700000.0,"Chestnut Drive, Harrow, Middlesex",Semi-Detached,×4,https://media.rightmove.co.uk/dir/54k/53811/124533272/53811_652651_FLP_00_0000.jpeg,https://www.rightmove.co.uk/properties/124533272#/map?channel=RES_BUY,59.0,239.0,216.0,455.0
699950.0,"Verwood Road, Harrow",Semi-Detached,×4,https://media.rightmove.co.uk/dir/157k/156206/126963353/156206_11693437_FLP_00_0000.jpeg,https://www.rightmove.co.uk/properties/126963353#/map?channel=RES_BUY,0.0,227.0,231.5,458.5
700000.0,"Harrow View, Harrow",House,×5,https://media.rightmove.co.uk/dir/253k/252785/128704601/252785_31920714_FLP_00_0000.png,https://www.rightmove.co.uk/properties/128704601#/map?channel=RES_BUY,0.0,239.0,231.5,470.5
700000.0,"Earls Crescent, Harrow, HA1",Semi-Detached,×3,https://media.rightmove.co.uk/dir/109k/108947/123657449/108947_1204699_FLP_00_0000.png,https://www.rightmove.co.uk/properties/123657449#/map?channel=RES_BUY,0.0,239.0,231.5,470.5
700000.0,"Kenmore Avenue, Kenton, HA3",Semi-Detached,×3,https://media.rightmove.co.uk/dir/235k/234920/128584394/234920_ANDER_003100_FLP_00_0000.jpeg,https://www.rightmove.co.uk/properties/128584394#/map?channel=RES_BUY,0.0,239.0,231.5,470.5
700000.0,"Risingholme Close, Harrow, HA3",Detached,×3,https://media.rightmove.co.uk/dir/244k/243608/119438492/243608_HSS195626_FLP_00_0002.jpeg,https://www.rightmove.co.uk/properties/119438492#/map?channel=RES_BUY,0.0,239.0,231.5,470.5
